epoch,train_loss,train_mIoU,val_loss,val_mIoU
0,2.5341,0.0781,2.2414,0.0920
1,1.9608,0.1113,1.8072,0.1155
2,1.6550,0.1185,1.7072,0.0897
3,1.5940,0.1293,1.2904,0.1507
4,1.5474,0.1383,1.3435,0.1408
5,1.5003,0.1485,1.3133,0.1241
6,1.4499,0.1592,1.2663,0.1643
7,1.4226,0.1721,1.3930,0.1640
8,1.4011,0.1805,1.2553,0.1610
9,1.3980,0.1885,1.2486,0.1642
10,1.3814,0.1946,1.2609,0.1722
11,1.3598,0.2009,1.4918,0.1630
12,1.3616,0.2038,1.2810,0.2052
13,1.3392,0.2108,1.3781,0.2100
14,1.3154,0.2178,1.4124,0.1922
15,1.3142,0.2199,1.1243,0.2178
16,1.3228,0.2254,1.2117,0.2258
17,1.3152,0.2316,1.2076,0.2064
18,1.3123,0.2263,1.2577,0.2119
19,1.2968,0.2400,1.2426,0.1979
20,1.3090,0.2382,1.7572,0.1321
21,1.2847,0.2413,1.1244,0.2233
22,1.3069,0.2413,1.2688,0.2200
23,1.2953,0.2495,1.3519,0.2162
24,1.2807,0.2544,1.2940,0.2233
25,1.2786,0.2556,1.1383,0.2363
26,1.2857,0.2548,1.2436,0.2300
27,1.2706,0.2627,1.2890,0.2029
28,1.2699,0.2627,1.3427,0.2181
29,1.2907,0.2600,1.2519,0.2176
30,1.2691,0.2646,1.2938,0.2300
31,1.2636,0.2644,1.2701,0.2324
32,1.2525,0.2767,1.1521,0.2585
33,1.2540,0.2726,1.1452,0.2583
34,1.2601,0.2763,1.1931,0.2373
35,1.2603,0.2798,1.2227,0.2506
36,1.2702,0.2775,1.2031,0.2528
37,1.2452,0.2762,1.2666,0.2099
38,1.2338,0.2795,1.1776,0.2517
39,1.2854,0.2800,1.1146,0.2566
40,1.2437,0.2810,1.1001,0.2466
41,1.2596,0.2885,1.1091,0.2599
42,1.2403,0.2888,1.2218,0.2690
43,1.2546,0.2889,1.2625,0.2171
44,1.2385,0.2934,1.2684,0.2370
45,1.2373,0.3058,1.2291,0.2663
46,1.2481,0.3014,1.2274,0.2706
47,1.2291,0.3043,1.0443,0.3055
48,1.2475,0.2956,1.1409,0.2762
49,1.2408,0.3049,1.2146,0.2607
50,1.2299,0.3087,1.1790,0.2847
51,1.2359,0.3145,1.0879,0.2536
52,1.2341,0.3046,1.1407,0.2723
53,1.2269,0.3147,1.2608,0.2615
54,1.2389,0.3077,1.1219,0.2707
55,1.2155,0.3122,1.0341,0.2855
56,1.2254,0.3261,1.0670,0.2905
57,1.2189,0.3222,1.2653,0.2542
58,1.2345,0.3265,1.2282,0.2834
59,1.2076,0.3207,1.1431,0.3010
60,1.2146,0.3209,1.1520,0.2633
61,1.2094,0.3314,1.1236,0.3052
62,1.2259,0.3230,1.1865,0.2779
63,1.2152,0.3331,1.0902,0.3031
64,1.1961,0.3318,1.1159,0.3121
65,1.2323,0.3299,1.1644,0.2433
66,1.1896,0.3320,1.0895,0.2966
67,1.2323,0.3276,1.0462,0.2889
68,1.2316,0.3295,1.2427,0.2314
69,1.2068,0.3361,1.1261,0.2643
70,1.2204,0.3375,1.0559,0.3136
71,1.2171,0.3406,0.9842,0.3335
72,1.2066,0.3333,1.0600,0.3091
73,1.2045,0.3546,1.0187,0.3305
74,1.2150,0.3468,1.0697,0.3041
75,1.1915,0.3506,1.0608,0.3248
76,1.2138,0.3482,1.1629,0.3105
77,1.2177,0.3410,1.0934,0.2778
78,1.1857,0.3565,1.2109,0.2733
79,1.2019,0.3563,1.1561,0.3011
80,1.1943,0.3598,1.1322,0.3046
81,1.2151,0.3465,1.0453,0.3041
82,1.2119,0.3483,1.0488,0.3346
83,1.1927,0.3486,1.0968,0.3045
84,1.1946,0.3493,1.0164,0.3312
85,1.1965,0.3556,1.0296,0.3359
86,1.1756,0.3635,1.0498,0.3070
87,1.1832,0.3732,1.0923,0.3300
88,1.1940,0.3669,1.0982,0.3339
89,1.1757,0.3677,1.1758,0.2823
90,1.2023,0.3530,1.1429,0.2753
91,1.1675,0.3707,1.0111,0.3590
92,1.1899,0.3697,1.1195,0.3154
93,1.1857,0.3683,1.0156,0.3400
94,1.1736,0.3703,1.0855,0.3240
95,1.1777,0.3692,0.9264,0.3597
96,1.1885,0.3724,1.0151,0.3182
97,1.1892,0.3717,1.0578,0.3278
98,1.1886,0.3768,0.9973,0.3744
99,1.1840,0.3812,0.9582,0.3513
100,1.1588,0.3838,1.0501,0.3172
101,1.1685,0.3817,1.0463,0.3390
102,1.1809,0.3791,0.9672,0.3355
103,1.1676,0.3770,1.0998,0.3014
104,1.1659,0.3834,1.6011,0.2196
105,1.1860,0.3900,1.0356,0.3598
106,1.1939,0.3763,1.1452,0.2841
107,1.1718,0.3854,1.0249,0.3427
108,1.1654,0.3897,1.0944,0.3148
109,1.1765,0.3781,1.0307,0.3629
110,1.1670,0.3943,1.0274,0.3497
111,1.1796,0.3870,1.1141,0.3398
112,1.1778,0.3917,1.0052,0.3668
113,1.1870,0.3804,1.2004,0.2793
114,1.1714,0.3900,1.0184,0.3370
115,1.1904,0.3944,1.0177,0.3394
116,1.1638,0.3848,1.0066,0.3529
117,1.1567,0.4040,0.9810,0.3645
118,1.1603,0.3945,1.0523,0.3605
119,1.1855,0.3948,1.0536,0.3546
120,1.1728,0.4050,1.0850,0.3497
121,1.1609,0.3994,1.0857,0.3240
122,1.1559,0.4031,0.9480,0.3621
123,1.1569,0.4045,0.9817,0.3743
124,1.1871,0.3974,1.0278,0.3732
125,1.1578,0.4057,1.0887,0.3887
126,1.1906,0.3863,1.0444,0.3395
127,1.1509,0.4197,0.9119,0.3573
128,1.1421,0.4152,1.0444,0.3432
129,1.1635,0.4105,0.9331,0.3859
130,1.1542,0.4175,1.0922,0.3508
131,1.1579,0.4183,1.0904,0.3619
132,1.1689,0.4150,1.1094,0.3475
133,1.1572,0.4052,1.0392,0.3551
134,1.1630,0.4150,1.0738,0.3069
135,1.1440,0.4048,1.2435,0.2731
136,1.1690,0.4173,0.9437,0.3929
137,1.1536,0.4220,0.9880,0.3767
138,1.1794,0.4003,1.0471,0.3548
139,1.1333,0.4246,0.9870,0.3687
140,1.1739,0.4095,1.0248,0.3600
141,1.1541,0.4143,1.1235,0.3445
142,1.1581,0.4113,1.1510,0.3644
143,1.1561,0.4101,0.9273,0.4074
144,1.1526,0.4272,0.9851,0.3849
145,1.1407,0.4388,1.0791,0.3447
146,1.1578,0.4225,1.0083,0.3983
147,1.1526,0.4221,0.9577,0.3804
148,1.1572,0.4230,0.9954,0.3682
149,1.1654,0.4224,1.0572,0.3781
150,1.1513,0.4182,1.0839,0.3649
151,1.1461,0.4258,1.1308,0.3237
152,1.1652,0.4274,1.1104,0.3135
153,1.1686,0.4158,1.1043,0.3470
154,1.1575,0.4157,1.0778,0.3740
155,1.1634,0.4207,1.0801,0.3356
156,1.1525,0.4204,0.9715,0.3695
157,1.1421,0.4193,1.0750,0.3287
158,1.1398,0.4284,1.1101,0.3626
159,1.1433,0.4348,0.9852,0.3812
160,1.1508,0.4304,1.0290,0.3993
161,1.1457,0.4387,1.1261,0.3709
162,1.1371,0.4267,0.9526,0.3654
163,1.1562,0.4245,1.0309,0.3542
164,1.1361,0.4371,0.9954,0.3912
165,1.1340,0.4452,0.9935,0.3810
166,1.1660,0.4325,0.9446,0.3612
167,1.1101,0.4448,1.0299,0.3497
168,1.1318,0.4427,0.9964,0.3902
169,1.1370,0.4360,1.1350,0.3296
170,1.1486,0.4452,0.9609,0.3902
171,1.1409,0.4399,1.1936,0.3338
172,1.1316,0.4310,0.9544,0.4103
173,1.1481,0.4326,0.9792,0.3710
174,1.1393,0.4318,1.0883,0.3529
175,1.1309,0.4394,1.2596,0.3405
176,1.1228,0.4425,1.0779,0.3661
177,1.1312,0.4323,1.2054,0.3137
178,1.1414,0.4363,1.0863,0.3430
179,1.1347,0.4443,0.9917,0.3926
180,1.1462,0.4432,1.0731,0.3519
181,1.1309,0.4402,1.0376,0.3689
182,1.1452,0.4389,1.0240,0.3578
183,1.1365,0.4426,0.9932,0.3910
184,1.1688,0.4148,1.0799,0.3874
185,1.1608,0.4291,1.0124,0.3789
186,1.1370,0.4353,1.0621,0.3929
187,1.1189,0.4521,0.9695,0.4013
188,1.1731,0.4274,0.9064,0.4143
189,1.1396,0.4323,0.9754,0.3798
190,1.1406,0.4461,1.0037,0.3758
191,1.1696,0.4339,0.9965,0.3799
192,1.1225,0.4546,0.9295,0.4197
193,1.1305,0.4503,0.9770,0.3971
194,1.1369,0.4419,0.9253,0.4161
195,1.1276,0.4539,1.0495,0.4077
196,1.1317,0.4495,0.9464,0.4220
197,1.1361,0.4490,0.9807,0.4010
198,1.1260,0.4706,1.0336,0.3590
199,1.1277,0.4445,0.9859,0.3855
200,1.1337,0.4593,1.0019,0.3658
201,1.1098,0.4474,0.9374,0.4318
202,1.1420,0.4551,0.9482,0.4301
203,1.1508,0.4310,0.9707,0.3905
204,1.1286,0.4526,0.9281,0.4098
205,1.1125,0.4765,1.0022,0.4042
206,1.1275,0.4654,0.9337,0.4110
207,1.1220,0.4764,1.0691,0.3994
208,1.1306,0.4632,1.0094,0.3883
209,1.1262,0.4750,1.0235,0.3822
210,1.1282,0.4588,0.9783,0.4157
211,1.1496,0.4543,1.0732,0.3555
212,1.1310,0.4503,1.0276,0.4210
213,1.1406,0.4638,1.0623,0.3636
214,1.1264,0.4648,0.9033,0.4246
215,1.1258,0.4577,1.2693,0.3135
216,1.1264,0.4654,1.0693,0.4043
217,1.1122,0.4709,0.9360,0.3807
218,1.1351,0.4603,1.0271,0.3522
219,1.1335,0.4510,0.9443,0.3885
220,1.1281,0.4645,1.0130,0.3669
221,1.1200,0.4712,1.0475,0.3520
222,1.1272,0.4653,0.9552,0.3747
223,1.1282,0.4733,0.9102,0.4074
224,1.1289,0.4755,1.0140,0.3782
225,1.1265,0.4717,1.0535,0.3925
226,1.1090,0.4773,0.9424,0.4119
227,1.1232,0.4792,1.0105,0.3911
228,1.1426,0.4688,1.0084,0.3900
229,1.1187,0.4716,0.9355,0.3945
230,1.1283,0.4729,0.9905,0.3896
231,1.1202,0.4650,1.0563,0.3554
232,1.1182,0.4785,1.2098,0.3326
233,1.1044,0.4855,0.9183,0.4144
234,1.1108,0.4773,0.9707,0.4062
235,1.1205,0.4724,0.9106,0.4245
236,1.1341,0.4682,1.0846,0.3650
237,1.1148,0.4759,0.9595,0.3824
238,1.1111,0.4673,0.9561,0.4211
239,1.1063,0.4823,0.9372,0.4186
240,1.1288,0.4800,1.0778,0.3837
241,1.1026,0.4806,0.9187,0.4106
242,1.1239,0.4688,0.9565,0.4115
243,1.1084,0.4785,0.9493,0.4191
244,1.1197,0.4743,0.9543,0.3785
245,1.1330,0.4650,1.1519,0.3185
246,1.1204,0.4653,0.9745,0.4094
247,1.1124,0.4712,1.0770,0.3858
248,1.1238,0.4597,1.0091,0.3998
249,1.1111,0.4833,1.0071,0.3932
250,1.1109,0.4843,1.0148,0.4098
251,1.1340,0.4635,1.0151,0.4380
252,1.1064,0.4815,1.0084,0.3952
253,1.1193,0.4786,1.0773,0.3632
254,1.1113,0.4731,1.1448,0.3767
255,1.1134,0.4925,0.9642,0.4246
256,1.1430,0.4845,0.9538,0.4359
257,1.1130,0.4814,1.1688,0.3362
258,1.1141,0.4777,0.9601,0.4241
259,1.1242,0.4811,0.9773,0.3478
260,1.1171,0.4854,0.9944,0.4019
261,1.1074,0.4863,1.0986,0.3802
